{
  "cascade": {
    "S1": {
      "F10_7": 0.2914413055545788,
      "launch_rate": 0.5291210654715571,
      "pmd_compliance": 0.15241285147415903
    },
    "ST": {
      "F10_7": 0.31148578569821533,
      "launch_rate": 0.5336943938998892,
      "pmd_compliance": 0.19673710823338614
    },
    "S1_conf": {
      "F10_7": 0.1630152348449006,
      "launch_rate": 0.21826741369945246,
      "pmd_compliance": 0.12782648164986837
    },
    "ST_conf": {
      "F10_7": 0.1359063356629519,
      "launch_rate": 0.19058265943696706,
      "pmd_compliance": 0.07881767356785083
    }
  },
  "multishell": {
    "S1": {
      "F10_7": 0.12564593966329,
      "launch_rate": 0.6659624371281366,
      "pmd_compliance": 0.16243582659687725
    },
    "ST": {
      "F10_7": 0.1541972366680424,
      "launch_rate": 0.6891719624230865,
      "pmd_compliance": 0.20446774012422858
    },
    "S1_conf": {
      "F10_7": 0.12173403928162763,
      "launch_rate": 0.2534832088434681,
      "pmd_compliance": 0.13260443275671593
    },
    "ST_conf": {
      "F10_7": 0.07530741779660814,
      "launch_rate": 0.24535446743331252,
      "pmd_compliance": 0.07521057461384352
    }
  }
}