{
  "cascade": {
    "S1": {
      "F10_7": 0.2308961406683108,
      "launch_rate": 0.20667382038005905,
      "pmd_compliance": 0.0761245388822539
    },
    "ST": {
      "F10_7": 1.0104173314661258,
      "launch_rate": 0.6160646885994016,
      "pmd_compliance": 0.29606172025081323
    },
    "S1_conf": {
      "F10_7": 0.11870592958780736,
      "launch_rate": 0.11061099619646618,
      "pmd_compliance": 0.0584262599215976
    },
    "ST_conf": {
      "F10_7": 0.6407316682709676,
      "launch_rate": 0.3552897321088897,
      "pmd_compliance": 0.21559786180294022
    }
  },
  "multishell": {
    "S1": {
      "F10_7": 0.1809417782754874,
      "launch_rate": 0.24903626592700887,
      "pmd_compliance": 0.06921495787040247
    },
    "ST": {
      "F10_7": 0.8549984031044495,
      "launch_rate": 0.7041303455684325,
      "pmd_compliance": 0.2888512513466694
    },
    "S1_conf": {
      "F10_7": 0.10872925347092065,
      "launch_rate": 0.12672383041117305,
      "pmd_compliance": 0.05623893947471104
    },
    "ST_conf": {
      "F10_7": 0.6636999776718858,
      "launch_rate": 0.3487037065743209,
      "pmd_compliance": 0.18131841558400028
    }
  }
}