{
  "cascade": {
    "S1": {
      "F10_7": 0.012075397380966866,
      "launch_rate": 0.014726537199528196,
      "pmd_compliance": 0.00890355401263082
    },
    "ST": {
      "F10_7": 1.275322600032016,
      "launch_rate": 0.8849950967626797,
      "pmd_compliance": 0.23335971385630194
    },
    "S1_conf": {
      "F10_7": 0.12004185016085758,
      "launch_rate": 0.05277010492413094,
      "pmd_compliance": 0.02491469331452883
    },
    "ST_conf": {
      "F10_7": 10.02749499889847,
      "launch_rate": 2.0140334809578437,
      "pmd_compliance": 0.5153567145168303
    }
  },
  "multishell": {
    "S1": {
      "F10_7": -0.0011309134991741336,
      "launch_rate": 0.003585307783307082,
      "pmd_compliance": 0.0026735261435026506
    },
    "ST": {
      "F10_7": 1.1295470157634817,
      "launch_rate": 0.6656253215905923,
      "pmd_compliance": 0.1112945079798668
    },
    "S1_conf": {
      "F10_7": 1248523727913582.8,
      "launch_rate": 466025413547905.44,
      "pmd_compliance": 19866925.096029952
    },
    "ST_conf": {
      "F10_7": 1.1138663928858474e+17,
      "launch_rate": 1.5346434362238278e+16,
      "pmd_compliance": 15.171478792535378
    }
  }
}